{"type":"LSTMTimeStep","options":{"inputSize":1,"hiddenLayers":[3],"outputSize":1,"decayRate":0.999,"smoothEps":1e-8,"regc":0.000001,"clipval":5},"hiddenLayers":[{"inputMatrix":{"rows":3,"columns":1,"weights":{"0":2.640730381011963,"1":1.0880886316299438,"2":-12.32081127166748}},"inputHidden":{"rows":3,"columns":3,"weights":{"0":4.2022528648376465,"1":-1.470205307006836,"2":26.51189422607422,"3":-10.046656608581543,"4":-7.089983940124512,"5":24.389381408691406,"6":-7.601991176605225,"7":-29.95807647705078,"8":19.62323570251465}},"inputBias":{"rows":3,"columns":1,"weights":{"0":8.412320137023926,"1":9.205472946166992,"2":65.23056030273438}},"forgetMatrix":{"rows":3,"columns":1,"weights":{"0":5.350403308868408,"1":5.525731563568115,"2":4.512655258178711}},"forgetHidden":{"rows":3,"columns":3,"weights":{"0":2.678023099899292,"1":3.975789785385132,"2":0.20635487139225006,"3":-18.08214569091797,"4":-3.918170690536499,"5":1.4509904384613037,"6":-0.5618816018104553,"7":2.892430067062378,"8":-1.72431218624115}},"forgetBias":{"rows":3,"columns":1,"weights":{"0":0,"1":0,"2":0}},"outputMatrix":{"rows":3,"columns":1,"weights":{"0":4.367537021636963,"1":1.0649701356887817,"2":3.890798330307007}},"outputHidden":{"rows":3,"columns":3,"weights":{"0":22.509267807006836,"1":-7.445767879486084,"2":18.712871551513672,"3":10.417346954345703,"4":-5.745522975921631,"5":21.43271255493164,"6":6.145580768585205,"7":3.9182627201080322,"8":-13.238082885742188}},"outputBias":{"rows":3,"columns":1,"weights":{"0":8.512924194335938,"1":9.739426612854004,"2":-8.916993141174316}},"cellActivationMatrix":{"rows":3,"columns":1,"weights":{"0":-0.7254882454872131,"1":2.406578302383423,"2":-3.8700599670410156}},"cellActivationHidden":{"rows":3,"columns":3,"weights":{"0":-8.89459228515625,"1":-6.849123001098633,"2":5.44627571105957,"3":10.790400505065918,"4":2.207184314727783,"5":-2.367985725402832,"6":-2.1566879749298096,"7":0.6765993237495422,"8":5.593415260314941}},"cellActivationBias":{"rows":3,"columns":1,"weights":{"0":3.9677438735961914,"1":-5.003617763519287,"2":-0.3740147650241852}}}],"outputConnector":{"rows":1,"columns":3,"weights":{"0":-2.367710828781128,"1":3.171715259552002,"2":5.500820636749268}},"output":{"rows":1,"columns":1,"weights":{"0":6.2258172035217285}},"inputLookup":null,"inputLookupLength":null,"outputLookup":null,"outputLookupLength":null}