{"type":"LSTMTimeStep","options":{"inputSize":1,"hiddenLayers":[3],"outputSize":1,"decayRate":0.999,"smoothEps":1e-8,"regc":0.000001,"clipval":5},"hiddenLayers":[{"inputMatrix":{"rows":3,"columns":1,"weights":{"0":3.8467416763305664,"1":6.512295722961426,"2":0.30695757269859314}},"inputHidden":{"rows":3,"columns":3,"weights":{"0":-49.64081573486328,"1":58.69125747680664,"2":4.710038661956787,"3":39.80752944946289,"4":4.914958477020264,"5":-6.4773688316345215,"6":-12.632014274597168,"7":-11.153718948364258,"8":-6.472902297973633}},"inputBias":{"rows":3,"columns":1,"weights":{"0":-18.21495246887207,"1":-11.908416748046875,"2":14.383598327636719}},"forgetMatrix":{"rows":3,"columns":1,"weights":{"0":7.48038387298584,"1":-6.133305549621582,"2":-1.718688726425171}},"forgetHidden":{"rows":3,"columns":3,"weights":{"0":0.9874030351638794,"1":-0.12381210178136826,"2":1.5906727313995361,"3":1.9111435413360596,"4":-0.4336387515068054,"5":-1.4644362926483154,"6":30.541210174560547,"7":-66.60022735595703,"8":3.046238899230957}},"forgetBias":{"rows":3,"columns":1,"weights":{"0":0,"1":0,"2":0}},"outputMatrix":{"rows":3,"columns":1,"weights":{"0":18.81334114074707,"1":13.355599403381348,"2":4.005387306213379}},"outputHidden":{"rows":3,"columns":3,"weights":{"0":7.135040760040283,"1":0.8708065748214722,"2":4.577692985534668,"3":-3.0195581912994385,"4":6.906403064727783,"5":9.883665084838867,"6":-21.827884674072266,"7":4.185572147369385,"8":-13.584946632385254}},"outputBias":{"rows":3,"columns":1,"weights":{"0":-25.877431869506836,"1":1.512636423110962,"2":11.84156322479248}},"cellActivationMatrix":{"rows":3,"columns":1,"weights":{"0":3.7677721977233887,"1":-9.603068351745605,"2":3.0161125659942627}},"cellActivationHidden":{"rows":3,"columns":3,"weights":{"0":0.5333483219146729,"1":-3.8631317615509033,"2":14.968249320983887,"3":0.39742523431777954,"4":-11.209519386291504,"5":-12.78223705291748,"6":13.267107963562012,"7":-8.007760047912598,"8":-5.66074800491333}},"cellActivationBias":{"rows":3,"columns":1,"weights":{"0":-2.0462048053741455,"1":39.641136169433594,"2":5.501734733581543}}}],"outputConnector":{"rows":1,"columns":3,"weights":{"0":13.017528533935547,"1":5.254820823669434,"2":47.905120849609375}},"output":{"rows":1,"columns":1,"weights":{"0":-36.30872344970703}},"inputLookup":null,"inputLookupLength":null,"outputLookup":null,"outputLookupLength":null}