{"type":"LSTMTimeStep","options":{"inputSize":1,"hiddenLayers":[3],"outputSize":1,"decayRate":0.999,"smoothEps":1e-8,"regc":0.000001,"clipval":5},"hiddenLayers":[{"inputMatrix":{"rows":3,"columns":1,"weights":{"0":3.7169299125671387,"1":1.7724106311798096,"2":-1.401648759841919}},"inputHidden":{"rows":3,"columns":3,"weights":{"0":15.361756324768066,"1":-17.4821720123291,"2":1.074084758758545,"3":-4.265257358551025,"4":-13.223288536071777,"5":-10.229022979736328,"6":-16.579694747924805,"7":8.106144905090332,"8":16.11115837097168}},"inputBias":{"rows":3,"columns":1,"weights":{"0":2.6040329933166504,"1":-7.792023181915283,"2":7.076084136962891}},"forgetMatrix":{"rows":3,"columns":1,"weights":{"0":2.802896499633789,"1":2.5300705432891846,"2":4.354197978973389}},"forgetHidden":{"rows":3,"columns":3,"weights":{"0":-11.3765230178833,"1":11.649110794067383,"2":2.2110304832458496,"3":-4.97038459777832,"4":-6.034440517425537,"5":5.6835246086120605,"6":0.9232742786407471,"7":10.94297981262207,"8":0.5641480088233948}},"forgetBias":{"rows":3,"columns":1,"weights":{"0":0,"1":0,"2":0}},"outputMatrix":{"rows":3,"columns":1,"weights":{"0":3.0485193729400635,"1":5.235648155212402,"2":1.7845125198364258}},"outputHidden":{"rows":3,"columns":3,"weights":{"0":-4.190525054931641,"1":12.526670455932617,"2":0.2895807921886444,"3":-8.486462593078613,"4":4.0242228507995605,"5":-17.93377685546875,"6":-7.18080997467041,"7":2.245635747909546,"8":7.985259056091309}},"outputBias":{"rows":3,"columns":1,"weights":{"0":-3.512371301651001,"1":-22.24419403076172,"2":9.322968482971191}},"cellActivationMatrix":{"rows":3,"columns":1,"weights":{"0":3.164351463317871,"1":2.3410918712615967,"2":-1.667912244796753}},"cellActivationHidden":{"rows":3,"columns":3,"weights":{"0":2.0782504081726074,"1":-1.087822675704956,"2":7.603797912597656,"3":-10.75813102722168,"4":-21.35737419128418,"5":-8.731949806213379,"6":2.9636518955230713,"7":-2.4415791034698486,"8":-2.532299757003784}},"cellActivationBias":{"rows":3,"columns":1,"weights":{"0":-3.5646793842315674,"1":-4.5974249839782715,"2":-4.464717388153076}}}],"outputConnector":{"rows":1,"columns":3,"weights":{"0":1.1708312034606934,"1":3.0655741691589355,"2":-3.7569987773895264}},"output":{"rows":1,"columns":1,"weights":{"0":-0.689418375492096}},"inputLookup":null,"inputLookupLength":null,"outputLookup":null,"outputLookupLength":null}