{
  "type": "LSTMTimeStep",
  "options": {
    "inputSize": 1,
    "hiddenLayers": [3],
    "outputSize": 1,
    "decayRate": 0.999,
    "smoothEps": 1e-8,
    "regc": 0.000001,
    "clipval": 5
  },
  "hiddenLayers": [
    {
      "inputMatrix": {
        "rows": 3,
        "columns": 1,
        "weights": {
          "0": 1.2964119911193848,
          "1": 4.086776256561279,
          "2": 1.2474961280822754
        }
      },
      "inputHidden": {
        "rows": 3,
        "columns": 3,
        "weights": {
          "0": -5.471770763397217,
          "1": -9.28713321685791,
          "2": 2.8909103870391846,
          "3": -12.161917686462402,
          "4": 10.860631942749023,
          "5": -9.35267448425293,
          "6": 0.015789728611707687,
          "7": 5.988189220428467,
          "8": -1.3024075031280518
        }
      },
      "inputBias": {
        "rows": 3,
        "columns": 1,
        "weights": {
          "0": -3.438486099243164,
          "1": -0.11270597577095032,
          "2": -6.2902045249938965
        }
      },
      "forgetMatrix": {
        "rows": 3,
        "columns": 1,
        "weights": {
          "0": -8.22119140625,
          "1": 3.758509874343872,
          "2": -3.9186227321624756
        }
      },
      "forgetHidden": {
        "rows": 3,
        "columns": 3,
        "weights": {
          "0": 2.6790771484375,
          "1": -10.45361042022705,
          "2": 11.263176918029785,
          "3": -7.108381748199463,
          "4": 5.719106674194336,
          "5": -4.524816513061523,
          "6": 17.774782180786133,
          "7": -4.439533710479736,
          "8": 14.216771125793457
        }
      },
      "forgetBias": {
        "rows": 3,
        "columns": 1,
        "weights": { "0": 0, "1": 0, "2": 0 }
      },
      "outputMatrix": {
        "rows": 3,
        "columns": 1,
        "weights": {
          "0": 1.6360037326812744,
          "1": 4.453916072845459,
          "2": 5.002690315246582
        }
      },
      "outputHidden": {
        "rows": 3,
        "columns": 3,
        "weights": {
          "0": -1.3084449768066406,
          "1": -8.200578689575195,
          "2": 10.297809600830078,
          "3": -11.153281211853027,
          "4": -1.283704400062561,
          "5": -11.875957489013672,
          "6": 3.2767038345336914,
          "7": -21.68341827392578,
          "8": -0.3384048044681549
        }
      },
      "outputBias": {
        "rows": 3,
        "columns": 1,
        "weights": {
          "0": 9.026871681213379,
          "1": -3.8893189430236816,
          "2": 3.153252363204956
        }
      },
      "cellActivationMatrix": {
        "rows": 3,
        "columns": 1,
        "weights": {
          "0": 4.950189113616943,
          "1": 3.491811752319336,
          "2": 2.9516522884368896
        }
      },
      "cellActivationHidden": {
        "rows": 3,
        "columns": 3,
        "weights": {
          "0": 3.933223247528076,
          "1": -2.913526773452759,
          "2": 1.3429641723632812,
          "3": 1.4585208892822266,
          "4": 2.8742825984954834,
          "5": 0.6962931156158447,
          "6": -4.9444732666015625,
          "7": 7.042740345001221,
          "8": 5.296440601348877
        }
      },
      "cellActivationBias": {
        "rows": 3,
        "columns": 1,
        "weights": {
          "0": -6.7789459228515625,
          "1": 0.1314093917608261,
          "2": -12.403406143188477
        }
      }
    }
  ],
  "outputConnector": {
    "rows": 1,
    "columns": 3,
    "weights": {
      "0": 0.1856718510389328,
      "1": 3.4179983139038086,
      "2": 1.834040641784668
    }
  },
  "output": { "rows": 1, "columns": 1, "weights": { "0": 0.39468300342559814 } }
}
